Heuristica,N,M,Replicacao,Tempo,Iteracoes,Valor,Parametro
nmlrs,31,10,1,0.0000,1000,185,0.1
nmlrs,31,10,2,0.0005,1000,188,0.1
nmlrs,31,10,3,0.0000,1000,170,0.1
nmlrs,31,10,4,0.0000,1000,203,0.1
nmlrs,31,10,5,0.0000,1000,203,0.1
nmlrs,31,10,6,0.0000,1000,179,0.1
nmlrs,31,10,7,0.0005,1000,185,0.1
nmlrs,31,10,8,0.0000,1000,183,0.1
nmlrs,31,10,9,0.0000,1000,241,0.1
nmlrs,31,10,10,0.0000,1000,183,0.1
nmlrs,31,10,1,0.0000,1000,168,0.2
nmlrs,31,10,2,0.0000,1000,169,0.2
nmlrs,31,10,3,0.0005,1000,185,0.2
nmlrs,31,10,4,0.0000,1000,202,0.2
nmlrs,31,10,5,0.0000,1000,176,0.2
nmlrs,31,10,6,0.0005,1000,165,0.2
nmlrs,31,10,7,0.0000,1000,181,0.2
nmlrs,31,10,8,0.0000,1000,189,0.2
nmlrs,31,10,9,0.0000,1000,175,0.2
nmlrs,31,10,10,0.0000,1000,185,0.2
nmlrs,31,10,1,0.0005,1000,195,0.3
nmlrs,31,10,2,0.0000,1000,182,0.3
nmlrs,31,10,3,0.0000,1000,192,0.3
nmlrs,31,10,4,0.0000,1000,207,0.3
nmlrs,31,10,5,0.0000,1000,190,0.3
nmlrs,31,10,6,0.0005,1000,192,0.3
nmlrs,31,10,7,0.0000,1000,174,0.3
nmlrs,31,10,8,0.0005,1000,172,0.3
nmlrs,31,10,9,0.0000,1000,170,0.3
nmlrs,31,10,10,0.0000,1000,210,0.3
nmlrs,31,10,1,0.0000,1000,181,0.4
nmlrs,31,10,2,0.0000,1000,174,0.4
nmlrs,31,10,3,0.0000,1000,167,0.4
nmlrs,31,10,4,0.0005,1000,202,0.4
nmlrs,31,10,5,0.0000,1000,183,0.4
nmlrs,31,10,6,0.0000,1000,162,0.4
nmlrs,31,10,7,0.0000,1000,197,0.4
nmlrs,31,10,8,0.0000,1000,173,0.4
nmlrs,31,10,9,0.0000,1000,174,0.4
nmlrs,31,10,10,0.0005,1000,170,0.4
nmlrs,31,10,1,0.0000,1000,261,0.5
nmlrs,31,10,2,0.0000,1000,176,0.5
nmlrs,31,10,3,0.0000,1000,167,0.5
nmlrs,31,10,4,0.0005,1000,192,0.5
nmlrs,31,10,5,0.0000,1000,177,0.5
nmlrs,31,10,6,0.0000,1000,174,0.5
nmlrs,31,10,7,0.0000,1000,165,0.5
nmlrs,31,10,8,0.0000,1000,173,0.5
nmlrs,31,10,9,0.0005,1000,224,0.5
nmlrs,31,10,10,0.0000,1000,165,0.5
nmlrs,31,10,1,0.0000,1000,161,0.6
nmlrs,31,10,2,0.0000,1000,167,0.6
nmlrs,31,10,3,0.0005,1000,242,0.6
nmlrs,31,10,4,0.0000,1000,174,0.6
nmlrs,31,10,5,0.0000,1000,175,0.6
nmlrs,31,10,6,0.0000,1000,179,0.6
nmlrs,31,10,7,0.0005,1000,172,0.6
nmlrs,31,10,8,0.0000,1000,168,0.6
nmlrs,31,10,9,0.0000,1000,163,0.6
nmlrs,31,10,10,0.0005,1000,179,0.6
nmlrs,31,10,1,0.0000,1000,170,0.7
nmlrs,31,10,2,0.0000,1000,198,0.7
nmlrs,31,10,3,0.0000,1000,196,0.7
nmlrs,31,10,4,0.0000,1000,231,0.7
nmlrs,31,10,5,0.0005,1000,212,0.7
nmlrs,31,10,6,0.0000,1000,187,0.7
nmlrs,31,10,7,0.0000,1000,172,0.7
nmlrs,31,10,8,0.0000,1000,190,0.7
nmlrs,31,10,9,0.0000,1000,179,0.7
nmlrs,31,10,10,0.0000,1000,179,0.7
nmlrs,31,10,1,0.0000,1000,204,0.8
nmlrs,31,10,2,0.0000,1000,211,0.8
nmlrs,31,10,3,0.0005,1000,193,0.8
nmlrs,31,10,4,0.0000,1000,162,0.8
nmlrs,31,10,5,0.0000,1000,165,0.8
nmlrs,31,10,6,0.0000,1000,189,0.8
nmlrs,31,10,7,0.0005,1000,187,0.8
nmlrs,31,10,8,0.0000,1000,184,0.8
nmlrs,31,10,9,0.0000,1000,277,0.8
nmlrs,31,10,10,0.0005,1000,172,0.8
nmlrs,31,10,1,0.0000,1000,160,0.9
nmlrs,31,10,2,0.0000,1000,179,0.9
nmlrs,31,10,3,0.0000,1000,176,0.9
nmlrs,31,10,4,0.0005,1000,205,0.9
nmlrs,31,10,5,0.0000,1000,177,0.9
nmlrs,31,10,6,0.0000,1000,181,0.9
nmlrs,31,10,7,0.0005,1000,177,0.9
nmlrs,31,10,8,0.0005,1000,216,0.9
nmlrs,31,10,9,0.0000,1000,189,0.9
nmlrs,31,10,10,0.0000,1000,271,0.9
nmlrs,100,10,1,0.0000,1000,718,0.1
nmlrs,100,10,2,0.0005,1000,641,0.1
nmlrs,100,10,3,0.0000,1000,648,0.1
nmlrs,100,10,4,0.0000,1000,587,0.1
nmlrs,100,10,5,0.0005,1000,584,0.1
nmlrs,100,10,6,0.0000,1000,583,0.1
nmlrs,100,10,7,0.0005,1000,595,0.1
nmlrs,100,10,8,0.0000,1000,637,0.1
nmlrs,100,10,9,0.0000,1000,679,0.1
nmlrs,100,10,10,0.0005,1000,589,0.1
nmlrs,100,10,1,0.0000,1000,688,0.2
nmlrs,100,10,2,0.0005,1000,601,0.2
nmlrs,100,10,3,0.0000,1000,628,0.2
nmlrs,100,10,4,0.0000,1000,590,0.2
nmlrs,100,10,5,0.0000,1000,618,0.2
nmlrs,100,10,6,0.0000,1000,597,0.2
nmlrs,100,10,7,0.0005,1000,594,0.2
nmlrs,100,10,8,0.0000,1000,588,0.2
nmlrs,100,10,9,0.0000,1000,625,0.2
nmlrs,100,10,10,0.0005,1000,599,0.2
nmlrs,100,10,1,0.0000,1000,580,0.3
nmlrs,100,10,2,0.0000,1000,568,0.3
nmlrs,100,10,3,0.0005,1000,577,0.3
nmlrs,100,10,4,0.0000,1000,743,0.3
nmlrs,100,10,5,0.0005,1000,581,0.3
nmlrs,100,10,6,0.0000,1000,584,0.3
nmlrs,100,10,7,0.0000,1000,588,0.3
nmlrs,100,10,8,0.0005,1000,604,0.3
nmlrs,100,10,9,0.0000,1000,635,0.3
nmlrs,100,10,10,0.0000,1000,597,0.3
nmlrs,100,10,1,0.0005,1000,594,0.4
nmlrs,100,10,2,0.0000,1000,579,0.4
nmlrs,100,10,3,0.0005,1000,568,0.4
nmlrs,100,10,4,0.0000,1000,644,0.4
nmlrs,100,10,5,0.0000,1000,754,0.4
nmlrs,100,10,6,0.0000,1000,619,0.4
nmlrs,100,10,7,0.0000,1000,675,0.4
nmlrs,100,10,8,0.0005,1000,599,0.4
nmlrs,100,10,9,0.0005,1000,573,0.4
nmlrs,100,10,10,0.0000,1000,649,0.4
nmlrs,100,10,1,0.0000,1000,632,0.5
nmlrs,100,10,2,0.0000,1000,586,0.5
nmlrs,100,10,3,0.0005,1000,582,0.5
nmlrs,100,10,4,0.0000,1000,569,0.5
nmlrs,100,10,5,0.0005,1000,603,0.5
nmlrs,100,10,6,0.0000,1000,590,0.5
nmlrs,100,10,7,0.0000,1000,572,0.5
nmlrs,100,10,8,0.0000,1000,679,0.5
nmlrs,100,10,9,0.0000,1000,671,0.5
nmlrs,100,10,10,0.0005,1000,566,0.5
nmlrs,100,10,1,0.0000,1000,602,0.6
nmlrs,100,10,2,0.0005,1000,604,0.6
nmlrs,100,10,3,0.0000,1000,657,0.6
nmlrs,100,10,4,0.0000,1000,631,0.6
nmlrs,100,10,5,0.0000,1000,672,0.6
nmlrs,100,10,6,0.0000,1000,595,0.6
nmlrs,100,10,7,0.0005,1000,570,0.6
nmlrs,100,10,8,0.0000,1000,600,0.6
nmlrs,100,10,9,0.0000,1000,698,0.6
nmlrs,100,10,10,0.0005,1000,575,0.6
nmlrs,100,10,1,0.0000,1000,678,0.7
nmlrs,100,10,2,0.0000,1000,572,0.7
nmlrs,100,10,3,0.0000,1000,573,0.7
nmlrs,100,10,4,0.0000,1000,718,0.7
nmlrs,100,10,5,0.0005,1000,574,0.7
nmlrs,100,10,6,0.0000,1000,584,0.7
nmlrs,100,10,7,0.0005,1000,646,0.7
nmlrs,100,10,8,0.0000,1000,638,0.7
nmlrs,100,10,9,0.0005,1000,677,0.7
nmlrs,100,10,10,0.0000,1000,569,0.7
nmlrs,100,10,1,0.0000,1000,566,0.8
nmlrs,100,10,2,0.0005,1000,582,0.8
nmlrs,100,10,3,0.0000,1000,583,0.8
nmlrs,100,10,4,0.0005,1000,641,0.8
nmlrs,100,10,5,0.0000,1000,660,0.8
nmlrs,100,10,6,0.0005,1000,565,0.8
nmlrs,100,10,7,0.0000,1000,570,0.8
nmlrs,100,10,8,0.0000,1000,578,0.8
nmlrs,100,10,9,0.0010,1000,564,0.8
nmlrs,100,10,10,0.0000,1000,577,0.8
nmlrs,100,10,1,0.0000,1000,655,0.9
nmlrs,100,10,2,0.0000,1000,654,0.9
nmlrs,100,10,3,0.0000,1000,572,0.9
nmlrs,100,10,4,0.0016,1000,627,0.9
nmlrs,100,10,5,0.0000,1000,604,0.9
nmlrs,100,10,6,0.0000,1000,565,0.9
nmlrs,100,10,7,0.0011,1000,575,0.9
nmlrs,100,10,8,0.0000,1000,614,0.9
nmlrs,100,10,9,0.0000,1000,605,0.9
nmlrs,100,10,10,0.0000,1000,684,0.9
nmlrs,89,20,1,0.0000,1000,331,0.1
nmlrs,89,20,2,0.0000,1000,303,0.1
nmlrs,89,20,3,0.0000,1000,296,0.1
nmlrs,89,20,4,0.0000,1000,296,0.1
nmlrs,89,20,5,0.0000,1000,343,0.1
nmlrs,89,20,6,0.0000,1000,316,0.1
nmlrs,89,20,7,0.0000,1000,349,0.1
nmlrs,89,20,8,0.0000,1000,307,0.1
nmlrs,89,20,9,0.0000,1000,327,0.1
nmlrs,89,20,10,0.0000,1000,306,0.1
nmlrs,89,20,1,0.0000,1000,315,0.2
nmlrs,89,20,2,0.0000,1000,286,0.2
nmlrs,89,20,3,0.0000,1000,302,0.2
nmlrs,89,20,4,0.0000,1000,270,0.2
nmlrs,89,20,5,0.0000,1000,279,0.2
nmlrs,89,20,6,0.0000,1000,466,0.2
nmlrs,89,20,7,0.0000,1000,294,0.2
nmlrs,89,20,8,0.0000,1000,286,0.2
nmlrs,89,20,9,0.0000,1000,321,0.2
nmlrs,89,20,10,0.0000,1000,363,0.2
nmlrs,89,20,1,0.0000,1000,419,0.3
nmlrs,89,20,2,0.0000,1000,355,0.3
nmlrs,89,20,3,0.0000,1000,323,0.3
nmlrs,89,20,4,0.0000,1000,317,0.3
nmlrs,89,20,5,0.0000,1000,295,0.3
nmlrs,89,20,6,0.0000,1000,372,0.3
nmlrs,89,20,7,0.0000,1000,303,0.3
nmlrs,89,20,8,0.0000,1000,355,0.3
nmlrs,89,20,9,0.0000,1000,274,0.3
nmlrs,89,20,10,0.0000,1000,285,0.3
nmlrs,89,20,1,0.0000,1000,312,0.4
nmlrs,89,20,2,0.0000,1000,291,0.4
nmlrs,89,20,3,0.0000,1000,291,0.4
nmlrs,89,20,4,0.0000,1000,373,0.4
nmlrs,89,20,5,0.0000,1000,387,0.4
nmlrs,89,20,6,0.0000,1000,391,0.4
nmlrs,89,20,7,0.0000,1000,441,0.4
nmlrs,89,20,8,0.0000,1000,271,0.4
nmlrs,89,20,9,0.0000,1000,305,0.4
nmlrs,89,20,10,0.0000,1000,290,0.4
nmlrs,89,20,1,0.0053,1000,319,0.5
nmlrs,89,20,2,0.0000,1000,288,0.5
nmlrs,89,20,3,0.0000,1000,329,0.5
nmlrs,89,20,4,0.0000,1000,275,0.5
nmlrs,89,20,5,0.0000,1000,281,0.5
nmlrs,89,20,6,0.0000,1000,286,0.5
nmlrs,89,20,7,0.0000,1000,303,0.5
nmlrs,89,20,8,0.0000,1000,294,0.5
nmlrs,89,20,9,0.0020,1000,366,0.5
nmlrs,89,20,10,0.0000,1000,345,0.5
nmlrs,89,20,1,0.0000,1000,368,0.6
nmlrs,89,20,2,0.0000,1000,379,0.6
nmlrs,89,20,3,0.0000,1000,401,0.6
nmlrs,89,20,4,0.0000,1000,341,0.6
nmlrs,89,20,5,0.0000,1000,344,0.6
nmlrs,89,20,6,0.0000,1000,301,0.6
nmlrs,89,20,7,0.0000,1000,306,0.6
nmlrs,89,20,8,0.0000,1000,270,0.6
nmlrs,89,20,9,0.0000,1000,393,0.6
nmlrs,89,20,10,0.0000,1000,310,0.6
nmlrs,89,20,1,0.0000,1000,330,0.7
nmlrs,89,20,2,0.0000,1000,332,0.7
nmlrs,89,20,3,0.0000,1000,325,0.7
nmlrs,89,20,4,0.0000,1000,301,0.7
nmlrs,89,20,5,0.0030,1000,260,0.7
nmlrs,89,20,6,0.0000,1000,387,0.7
nmlrs,89,20,7,0.0000,1000,281,0.7
nmlrs,89,20,8,0.0000,1000,282,0.7
nmlrs,89,20,9,0.0000,1000,291,0.7
nmlrs,89,20,10,0.0000,1000,397,0.7
nmlrs,89,20,1,0.0000,1000,279,0.8
nmlrs,89,20,2,0.0017,1000,385,0.8
nmlrs,89,20,3,0.0000,1000,288,0.8
nmlrs,89,20,4,0.0000,1000,446,0.8
nmlrs,89,20,5,0.0000,1000,413,0.8
nmlrs,89,20,6,0.0000,1000,297,0.8
nmlrs,89,20,7,0.0000,1000,342,0.8
nmlrs,89,20,8,0.0000,1000,363,0.8
nmlrs,89,20,9,0.0000,1000,295,0.8
nmlrs,89,20,10,0.0000,1000,282,0.8
nmlrs,89,20,1,0.0000,1000,282,0.9
nmlrs,89,20,2,0.0032,1000,273,0.9
nmlrs,89,20,3,0.0000,1000,364,0.9
nmlrs,89,20,4,0.0000,1000,314,0.9
nmlrs,89,20,5,0.0000,1000,326,0.9
nmlrs,89,20,6,0.0000,1000,385,0.9
nmlrs,89,20,7,0.0000,1000,367,0.9
nmlrs,89,20,8,0.0020,1000,264,0.9
nmlrs,89,20,9,0.0000,1000,350,0.9
nmlrs,89,20,10,0.0000,1000,326,0.9
nmlrs,400,20,1,0.0000,1000,1316,0.1
nmlrs,400,20,2,0.0000,1000,1534,0.1
nmlrs,400,20,3,0.0000,1000,1292,0.1
nmlrs,400,20,4,0.0000,1000,1302,0.1
nmlrs,400,20,5,0.0000,1000,1141,0.1
nmlrs,400,20,6,0.0000,1000,1312,0.1
nmlrs,400,20,7,0.0000,1000,1113,0.1
nmlrs,400,20,8,0.0000,1000,1165,0.1
nmlrs,400,20,9,0.0000,1000,1314,0.1
nmlrs,400,20,10,0.0000,1000,1140,0.1
nmlrs,400,20,1,0.0000,1000,1121,0.2
nmlrs,400,20,2,0.0000,1000,1231,0.2
nmlrs,400,20,3,0.0000,1000,1189,0.2
nmlrs,400,20,4,0.0051,1000,1154,0.2
nmlrs,400,20,5,0.0000,1000,1245,0.2
nmlrs,400,20,6,0.0000,1000,1464,0.2
nmlrs,400,20,7,0.0020,1000,1169,0.2
nmlrs,400,20,8,0.0000,1000,1194,0.2
nmlrs,400,20,9,0.0000,1000,1265,0.2
nmlrs,400,20,10,0.0010,1000,1282,0.2
nmlrs,400,20,1,0.0005,1000,1124,0.3
nmlrs,400,20,2,0.0000,1000,1217,0.3
nmlrs,400,20,3,0.0000,1000,1172,0.3
nmlrs,400,20,4,0.0000,1000,1161,0.3
nmlrs,400,20,5,0.0000,1000,1158,0.3
nmlrs,400,20,6,0.0000,1000,1234,0.3
nmlrs,400,20,7,0.0000,1000,1116,0.3
nmlrs,400,20,8,0.0000,1000,1124,0.3
nmlrs,400,20,9,0.0000,1000,1185,0.3
nmlrs,400,20,10,0.0000,1000,1129,0.3
nmlrs,400,20,1,0.0000,1000,1336,0.4
nmlrs,400,20,2,0.0000,1000,1158,0.4
nmlrs,400,20,3,0.0000,1000,1214,0.4
nmlrs,400,20,4,0.0000,1000,1240,0.4
nmlrs,400,20,5,0.0083,1000,1164,0.4
nmlrs,400,20,6,0.0000,1000,1156,0.4
nmlrs,400,20,7,0.0010,1000,1276,0.4
nmlrs,400,20,8,0.0000,1000,1291,0.4
nmlrs,400,20,9,0.0013,1000,1197,0.4
nmlrs,400,20,10,0.0000,1000,1128,0.4
nmlrs,400,20,1,0.0000,1000,1134,0.5
nmlrs,400,20,2,0.0000,1000,1125,0.5
nmlrs,400,20,3,0.0000,1000,1188,0.5
nmlrs,400,20,4,0.0000,1000,1095,0.5
nmlrs,400,20,5,0.0051,1000,1133,0.5
nmlrs,400,20,6,0.0000,1000,1138,0.5
nmlrs,400,20,7,0.0000,1000,1133,0.5
nmlrs,400,20,8,0.0025,1000,1182,0.5
nmlrs,400,20,9,0.0010,1000,1167,0.5
nmlrs,400,20,10,0.0000,1000,1156,0.5
nmlrs,400,20,1,0.0000,1000,1114,0.6
nmlrs,400,20,2,0.0038,1000,1073,0.6
nmlrs,400,20,3,0.0000,1000,1183,0.6
nmlrs,400,20,4,0.0000,1000,1158,0.6
nmlrs,400,20,5,0.0000,1000,1327,0.6
nmlrs,400,20,6,0.0000,1000,1144,0.6
nmlrs,400,20,7,0.0000,1000,1208,0.6
nmlrs,400,20,8,0.0000,1000,1412,0.6
nmlrs,400,20,9,0.0000,1000,1062,0.6
nmlrs,400,20,10,0.0056,1000,1079,0.6
nmlrs,400,20,1,0.0005,1000,1259,0.7
nmlrs,400,20,2,0.0012,1000,1244,0.7
nmlrs,400,20,3,0.0000,1000,1183,0.7
nmlrs,400,20,4,0.0010,1000,1113,0.7
nmlrs,400,20,5,0.0000,1000,1367,0.7
nmlrs,400,20,6,0.0000,1000,1168,0.7
nmlrs,400,20,7,0.0000,1000,1089,0.7
nmlrs,400,20,8,0.0034,1000,1200,0.7
nmlrs,400,20,9,0.0000,1000,1174,0.7
nmlrs,400,20,10,0.0000,1000,1213,0.7
nmlrs,400,20,1,0.0000,1000,1120,0.8
nmlrs,400,20,2,0.0000,1000,1458,0.8
nmlrs,400,20,3,0.0039,1000,1250,0.8
nmlrs,400,20,4,0.0005,1000,1217,0.8
nmlrs,400,20,5,0.0000,1000,1231,0.8
nmlrs,400,20,6,0.0000,1000,1153,0.8
nmlrs,400,20,7,0.0000,1000,1171,0.8
nmlrs,400,20,8,0.0000,1000,1323,0.8
nmlrs,400,20,9,0.0000,1000,1139,0.8
nmlrs,400,20,10,0.0000,1000,1363,0.8
nmlrs,400,20,1,0.0000,1000,1172,0.9
nmlrs,400,20,2,0.0078,1000,1109,0.9
nmlrs,400,20,3,0.0013,1000,1220,0.9
nmlrs,400,20,4,0.0000,1000,1157,0.9
nmlrs,400,20,5,0.0013,1000,1267,0.9
nmlrs,400,20,6,0.0000,1000,1146,0.9
nmlrs,400,20,7,0.0000,1000,1277,0.9
nmlrs,400,20,8,0.0000,1000,1348,0.9
nmlrs,400,20,9,0.0000,1000,1095,0.9
nmlrs,400,20,10,0.0000,1000,1153,0.9
nmlrs,353,50,1,0.0000,1000,594,0.1
nmlrs,353,50,2,0.0000,1000,511,0.1
nmlrs,353,50,3,0.0000,1000,623,0.1
nmlrs,353,50,4,0.0000,1000,604,0.1
nmlrs,353,50,5,0.0000,1000,593,0.1
nmlrs,353,50,6,0.0000,1000,545,0.1
nmlrs,353,50,7,0.0000,1000,547,0.1
nmlrs,353,50,8,0.0000,1000,734,0.1
nmlrs,353,50,9,0.0000,1000,546,0.1
nmlrs,353,50,10,0.0084,1000,543,0.1
nmlrs,353,50,1,0.0000,1000,536,0.2
nmlrs,353,50,2,0.0005,1000,553,0.2
nmlrs,353,50,3,0.0000,1000,531,0.2
nmlrs,353,50,4,0.0000,1000,525,0.2
nmlrs,353,50,5,0.0000,1000,544,0.2
nmlrs,353,50,6,0.0000,1000,529,0.2
nmlrs,353,50,7,0.0000,1000,550,0.2
nmlrs,353,50,8,0.0000,1000,480,0.2
nmlrs,353,50,9,0.0039,1000,653,0.2
nmlrs,353,50,10,0.0000,1000,537,0.2
nmlrs,353,50,1,0.0000,1000,606,0.3
nmlrs,353,50,2,0.0000,1000,542,0.3
nmlrs,353,50,3,0.0000,1000,526,0.3
nmlrs,353,50,4,0.0000,1000,749,0.3
nmlrs,353,50,5,0.0000,1000,510,0.3
nmlrs,353,50,6,0.0000,1000,512,0.3
nmlrs,353,50,7,0.0000,1000,501,0.3
nmlrs,353,50,8,0.0000,1000,517,0.3
nmlrs,353,50,9,0.0062,1000,504,0.3
nmlrs,353,50,10,0.0000,1000,472,0.3
nmlrs,353,50,1,0.0000,1000,615,0.4
nmlrs,353,50,2,0.0000,1000,521,0.4
nmlrs,353,50,3,0.0000,1000,568,0.4
nmlrs,353,50,4,0.0000,1000,523,0.4
nmlrs,353,50,5,0.0000,1000,506,0.4
nmlrs,353,50,6,0.0000,1000,529,0.4
nmlrs,353,50,7,0.0000,1000,467,0.4
nmlrs,353,50,8,0.0000,1000,503,0.4
nmlrs,353,50,9,0.0000,1000,535,0.4
nmlrs,353,50,10,0.0000,1000,523,0.4
nmlrs,353,50,1,0.0000,1000,618,0.5
nmlrs,353,50,2,0.0000,1000,579,0.5
nmlrs,353,50,3,0.0000,1000,502,0.5
nmlrs,353,50,4,0.0099,1000,494,0.5
nmlrs,353,50,5,0.0000,1000,571,0.5
nmlrs,353,50,6,0.0013,1000,561,0.5
nmlrs,353,50,7,0.0000,1000,475,0.5
nmlrs,353,50,8,0.0000,1000,495,0.5
nmlrs,353,50,9,0.0000,1000,535,0.5
nmlrs,353,50,10,0.0000,1000,612,0.5
nmlrs,353,50,1,0.0000,1000,534,0.6
nmlrs,353,50,2,0.0000,1000,507,0.6
nmlrs,353,50,3,0.0000,1000,562,0.6
nmlrs,353,50,4,0.0000,1000,546,0.6
nmlrs,353,50,5,0.0000,1000,584,0.6
nmlrs,353,50,6,0.0000,1000,478,0.6
nmlrs,353,50,7,0.0000,1000,575,0.6
nmlrs,353,50,8,0.0087,1000,508,0.6
nmlrs,353,50,9,0.0010,1000,512,0.6
nmlrs,353,50,10,0.0000,1000,518,0.6
nmlrs,353,50,1,0.0000,1000,494,0.7
nmlrs,353,50,2,0.0000,1000,546,0.7
nmlrs,353,50,3,0.0000,1000,600,0.7
nmlrs,353,50,4,0.0000,1000,536,0.7
nmlrs,353,50,5,0.0000,1000,558,0.7
nmlrs,353,50,6,0.0046,1000,634,0.7
nmlrs,353,50,7,0.0000,1000,487,0.7
nmlrs,353,50,8,0.0000,1000,498,0.7
nmlrs,353,50,9,0.0038,1000,570,0.7
nmlrs,353,50,10,0.0005,1000,511,0.7
nmlrs,353,50,1,0.0000,1000,652,0.8
nmlrs,353,50,2,0.0000,1000,614,0.8
nmlrs,353,50,3,0.0015,1000,522,0.8
nmlrs,353,50,4,0.0000,1000,553,0.8
nmlrs,353,50,5,0.0000,1000,631,0.8
nmlrs,353,50,6,0.0000,1000,573,0.8
nmlrs,353,50,7,0.0000,1000,585,0.8
nmlrs,353,50,8,0.0000,1000,430,0.8
nmlrs,353,50,9,0.0000,1000,672,0.8
nmlrs,353,50,10,0.0080,1000,626,0.8
nmlrs,353,50,1,0.0005,1000,509,0.9
nmlrs,353,50,2,0.0000,1000,510,0.9
nmlrs,353,50,3,0.0016,1000,653,0.9
nmlrs,353,50,4,0.0000,1000,499,0.9
nmlrs,353,50,5,0.0000,1000,534,0.9
nmlrs,353,50,6,0.0000,1000,583,0.9
nmlrs,353,50,7,0.0000,1000,481,0.9
nmlrs,353,50,8,0.0000,1000,537,0.9
nmlrs,353,50,9,0.0000,1000,579,0.9
nmlrs,353,50,10,0.0000,1000,522,0.9
nmlrs,2500,50,1,0.0085,1000,3085,0.1
nmlrs,2500,50,2,0.0000,1000,3154,0.1
nmlrs,2500,50,3,0.0000,1000,3302,0.1
nmlrs,2500,50,4,0.0030,1000,3384,0.1
nmlrs,2500,50,5,0.0000,1000,2959,0.1
nmlrs,2500,50,6,0.0000,1000,3030,0.1
nmlrs,2500,50,7,0.0041,1000,3221,0.1
nmlrs,2500,50,8,0.0005,1000,3272,0.1
nmlrs,2500,50,9,0.0000,1000,3211,0.1
nmlrs,2500,50,10,0.0000,1000,3202,0.1
nmlrs,2500,50,1,0.0034,1000,3109,0.2
nmlrs,2500,50,2,0.0025,1000,3334,0.2
nmlrs,2500,50,3,0.0040,1000,3217,0.2
nmlrs,2500,50,4,0.0000,1000,3372,0.2
nmlrs,2500,50,5,0.0101,1000,3062,0.2
nmlrs,2500,50,6,0.0040,1000,3037,0.2
nmlrs,2500,50,7,0.0048,1000,3270,0.2
nmlrs,2500,50,8,0.0025,1000,3222,0.2
nmlrs,2500,50,9,0.0099,1000,2930,0.2
nmlrs,2500,50,10,0.0028,1000,2932,0.2
nmlrs,2500,50,1,0.0010,1000,3634,0.3
nmlrs,2500,50,2,0.0000,1000,3209,0.3
nmlrs,2500,50,3,0.0059,1000,3213,0.3
nmlrs,2500,50,4,0.0788,1000,2769,0.3
nmlrs,2500,50,5,0.0060,1000,3096,0.3
nmlrs,2500,50,6,0.0022,1000,3172,0.3
nmlrs,2500,50,7,0.0089,1000,2914,0.3
nmlrs,2500,50,8,0.0015,1000,3188,0.3
nmlrs,2500,50,9,0.0062,1000,2982,0.3
nmlrs,2500,50,10,0.0078,1000,3156,0.3
nmlrs,2500,50,1,0.0062,1000,3003,0.4
nmlrs,2500,50,2,0.0052,1000,2997,0.4
nmlrs,2500,50,3,0.0087,1000,3050,0.4
nmlrs,2500,50,4,0.0041,1000,3091,0.4
nmlrs,2500,50,5,0.0055,1000,3054,0.4
nmlrs,2500,50,6,0.0062,1000,3139,0.4
nmlrs,2500,50,7,0.0059,1000,3132,0.4
nmlrs,2500,50,8,0.0047,1000,3235,0.4
nmlrs,2500,50,9,0.0073,1000,3032,0.4
nmlrs,2500,50,10,0.0042,1000,3195,0.4
nmlrs,2500,50,1,0.0110,1000,2858,0.5
nmlrs,2500,50,2,0.0098,1000,3169,0.5
nmlrs,2500,50,3,0.0094,1000,2838,0.5
nmlrs,2500,50,4,0.0032,1000,3202,0.5
nmlrs,2500,50,5,0.0043,1000,2992,0.5
nmlrs,2500,50,6,0.0063,1000,2998,0.5
nmlrs,2500,50,7,0.0084,1000,2935,0.5
nmlrs,2500,50,8,0.0083,1000,2927,0.5
nmlrs,2500,50,9,0.0200,1000,2868,0.5
nmlrs,2500,50,10,0.0047,1000,3000,0.5
nmlrs,2500,50,1,0.0099,1000,2968,0.6
nmlrs,2500,50,2,0.0121,1000,2910,0.6
nmlrs,2500,50,3,0.0098,1000,2859,0.6
nmlrs,2500,50,4,0.0090,1000,2979,0.6
nmlrs,2500,50,5,0.0048,1000,3124,0.6
nmlrs,2500,50,6,0.0037,1000,3225,0.6
nmlrs,2500,50,7,0.0032,1000,2939,0.6
nmlrs,2500,50,8,0.0075,1000,3044,0.6
nmlrs,2500,50,9,0.0115,1000,2954,0.6
nmlrs,2500,50,10,0.0074,1000,3216,0.6
nmlrs,2500,50,1,0.0185,1000,2890,0.7
nmlrs,2500,50,2,0.0106,1000,2958,0.7
nmlrs,2500,50,3,0.0026,1000,3031,0.7
nmlrs,2500,50,4,0.0026,1000,3143,0.7
nmlrs,2500,50,5,0.0048,1000,3002,0.7
nmlrs,2500,50,6,0.0105,1000,2900,0.7
nmlrs,2500,50,7,0.0054,1000,3110,0.7
nmlrs,2500,50,8,0.0059,1000,3099,0.7
nmlrs,2500,50,9,0.0068,1000,3045,0.7
nmlrs,2500,50,10,0.0050,1000,3103,0.7
nmlrs,2500,50,1,0.0073,1000,2965,0.8
nmlrs,2500,50,2,0.0131,1000,2861,0.8
nmlrs,2500,50,3,0.0161,1000,2921,0.8
nmlrs,2500,50,4,0.0075,1000,3248,0.8
nmlrs,2500,50,5,0.0119,1000,2872,0.8
nmlrs,2500,50,6,0.0080,1000,3105,0.8
nmlrs,2500,50,7,0.0047,1000,3012,0.8
nmlrs,2500,50,8,0.0126,1000,2831,0.8
nmlrs,2500,50,9,0.0070,1000,3000,0.8
nmlrs,2500,50,10,0.0042,1000,2976,0.8
nmlrs,2500,50,1,0.0079,1000,2938,0.9
nmlrs,2500,50,2,0.0123,1000,2903,0.9
nmlrs,2500,50,3,0.0147,1000,2895,0.9
nmlrs,2500,50,4,0.0077,1000,2903,0.9
nmlrs,2500,50,5,0.0047,1000,3366,0.9
nmlrs,2500,50,6,0.0052,1000,3118,0.9
nmlrs,2500,50,7,0.0068,1000,3067,0.9
nmlrs,2500,50,8,0.0149,1000,2949,0.9
nmlrs,2500,50,9,0.0111,1000,2967,0.9
nmlrs,2500,50,10,0.0052,1000,3216,0.9
